id,title,genre,publishDate
4,Walk on Water,Drama|Thriller,11/17/2022
5,Knock on Wood,Comedy,1/31/2022
6,God Who Wasn't There,Documentary,8/27/2003
7,Millennium Actress (Sennen joyu),Animation|Drama|Romance,8/28/2001
9,Hands Across the Table,Comedy|Romance,7/12/2019
11,Girl on a Motorcycle,Drama|Romance,10/4/2016
12,Jerusalem,Drama,11/23/2003
13,Splinterheads,Comedy,10/24/2022
14,Homecoming,Drama,10/26/2014
15,I Will Follow You Into the Dark,Drama|Horror|Romance,1/17/2009
16,Lonelyhearts,Drama|Film-Noir,10/5/2011
17,Nobody Else But You (Poupoupidou),Comedy|Crime|Mystery,7/6/2022
18,Little Drummer Boy,Animation|Children|Musical,8/20/2000
19,Let's Scare Jessica to Death,Horror|Mystery,7/10/2015
20,Bad Karma,Horror,4/2/2021
21,Tesseract,Action|Crime|Drama|Thriller,5/19/2014
22,Kelly's Heroes,Action|Comedy|War,5/20/2001
23,Pleasure Garden,Drama,5/6/2003
24,Happy Ending,Drama,10/19/2011
25,Panther,Drama,1/19/2016
26,Good Girl,Comedy|Drama,4/1/2006
27,Waking the Dead,Drama|Thriller,4/16/2014
28,Ip Man,Action|Drama|War,3/14/2001
29,Mayerling,Drama|Romance,7/27/2003
30,Benji,Documentary,5/29/2007
72,Ey ke ey ke?,Drama,11/11/1111
70,IDK (second update),Romantic,12/12/1212
