id,title,author,genre,publishDate
30006,testign record,nh na ke,Horror,12/12/2022
4,ok,John Doe,Drama|Thriller,11/17/2022
20,Bad Karma,Michelle Lee,Horror,4/2/2021
9,Hands Across the Table,Katie White,Comedy|Romance,7/12/2019
11,Girl on a Motorcycle,Michael Johnson,Drama|Romance,10/4/2016
25,Panther,John Green,Drama,1/19/2016
19,Let's Scare Jessica to Death,Brandon Lee,Horror|Mystery,7/10/2015
14,Homecoming,Samantha Green,Drama,10/26/2014
21,Tesseract,David Johnson,Action|Crime|Drama|Thriller,5/19/2014
27,Waking the Dead,Brandon White,Drama|Thriller,4/16/2014
30002,test,test author,Horror,12/12/2011
24,Happy Ending,Katie Lee,Drama,10/19/2011
16,Lonelyhearts,Emily Johnson,Drama|Film-Noir,10/5/2011
15,I Will Follow You Into the Dark,Andrew Lee,Drama|Horror|Romance,1/17/2009
30,Benji,Michael Lee,Documentary,5/29/2007
26,Good Girl,Emily Green,Comedy|Drama,4/1/2006
12,Jerusalem,Kelly Green,Drama,11/23/2003
6,God Who Wasn't There,David Lee,Documentary,8/27/2003
29,Mayerling,Katie Brown,Drama|Romance,7/27/2003
23,Pleasure Garden,Mark Brown,Drama,5/6/2003
30003,df,sdfd,Romantic,12/12/2001
7,Millennium Actress (Sennen joyu),Chris Brown,Animation|Drama|Romance,8/28/2001
22,Kelly's Heroes,Kate White,Action|Comedy|War,5/20/2001
28,Ip Man,Olivia Lee,Action|Drama|War,3/14/2001
18,Little Drummer Boy,Olivia Green,Animation|Children|Musical,8/20/2000
70,ADK (second update),Jason Brown,Romantic,12/12/1212
72,Ey ke ey ke?,Jessica Lee,Drama,11/11/1111
